 <?xml version="1.0" encoding="UTF-8"?>
<beans xmlns="http://www.springframework.org/schema/beans"
	xmlns:p="http://www.springframework.org/schema/p" 
	xmlns:context="http://www.springframework.org/schema/context"
	xmlns:c="http://www.springframework.org/schema/c"
	xmlns:task="http://www.springframework.org/schema/task"
	xmlns:aop="http://www.springframework.org/schema/aop"
	xmlns:xsi="http://www.w3.org/2001/XMLSchema-instance"
	xsi:schemaLocation="http://www.springframework.org/schema/beans 
	http://www.springframework.org/schema/beans/spring-beans-3.0.xsd
	http://www.springframework.org/schema/context 
	http://www.springframework.org/schema/context/spring-context-3.0.xsd
	http://www.springframework.org/schema/task 
	http://www.springframework.org/schema/task/spring-task-3.0.xsd
	http://www.springframework.org/schema/aop 
	http://www.springframework.org/schema/aop/spring-aop-3.0.xsd
	">
	
	<!--1.Activation of Annotations -->
	<context:component-scan base-package="com.app"/>
	
	<!-- 2. DMDS -->
	<bean class="org.springframework.jdbc.datasource.DriverManagerDataSource"
		name="dsObj"
		p:driverClassName="oracle.jdbc.driver.OracleDriver"
		p:url="jdbc:oracle:thin:@localhost:1521:xe"
		p:username="vendors"
		p:password="vendors"
	/>
	
	
	<!-- 3. ASFB -->
	<bean class="org.springframework.orm.hibernate3.annotation.AnnotationSessionFactoryBean"
		name="sfObj"
	>
	  <property name="dataSource" ref="dsObj"/>
	  <property name="hibernateProperties">
	  	<props>
	  	 <prop key="hibernate.dialect">org.hibernate.dialect.OracleDialect</prop>
	  	 <prop key="hibernate.show_sql">true</prop>
	  	 <prop key="hibernate.hbm2ddl.auto">update</prop>
	  	</props>
	  </property>
	  <property name="annotatedClasses">
	  	<list>
	  		<value>com.app.model.Customer</value>
	  		<value>com.app.model.Item</value>
	  		<value>com.app.model.Location</value>
	  		<value>com.app.model.UploadFile</value>
	  		<value>com.app.model.User</value>
	  		<value>com.app.model.Vendor</value>
	  	</list>
	  </property>
	</bean>
	
	<!--4. HT -->
	<bean
		class="org.springframework.orm.hibernate3.HibernateTemplate"
		name="htObj"
		p:sessionFactory-ref="sfObj"
	/>
	
	<!-- 5.ViewResolver -->
	<bean class="org.springframework.web.servlet.view.InternalResourceViewResolver"
	 p:prefix="/WEB-INF/jsps/" p:suffix=".jsp"
	/>
	
	<!-- 6. XML ViewResolver -->
	<bean class="org.springframework.web.servlet.view.XmlViewResolver">
		<property name="location">
			<value>/WEB-INF/spring-views.xml</value>
		</property>
		<property name="order" value="0"/>
	</bean>
	
	<!-- 7.MultipartResolver(Activate Uploads and Downloads)-->
	<bean
		class="org.springframework.web.multipart.commons.CommonsMultipartResolver"
		name="multipartResolver"
	>
		<property name="maxInMemorySize" value="10485760"/>
		<property name="maxUploadSize" value="20971520"/>
	</bean>
	
	
	<!-- Mail Sender Service -->
	
	<bean
		class="org.springframework.mail.javamail.JavaMailSenderImpl"
		name="mailSender"
	>
		<property name="host" value="smtp.gmail.com"/>
		<property name="port" value="587"/>
		<property name="username" value="raghusirjava@gmail.com"/>
		<property name="password" value="asdfghj1"/>
		<property name="javaMailProperties">
			<props>
				<prop key="mail.smtp.auth">true</prop>
				<prop key="mail.smtp.starttls.enable">true</prop>
			</props>
		</property>
	</bean>
	
	
	
	
	
</beans>